{
    "dim": "pitch",
    "coef_center": [
        -0.047812602936659766,
        0.0004019037033861136,
        0.00020731458912373274,
        -0.007919883892543394,
        0.9749100538094861
    ],
    "coef_radius": [
        0.23560349568626984,
        -0.01739496289444993,
        -0.11307280198532833,
        0.13356917289222572,
        0.3764633214416461
    ]
}