{
    "dim": "roll",
    "coef_center": [
        -0.05328021904106795,
        0.0005021968580629424,
        0.001750588925470998,
        -0.020123675524149384,
        0.9148418150865056
    ],
    "coef_radius": [
        0.11040312937806744,
        0.013369467247078843,
        0.006767841994897525,
        -0.15104330918976416,
        0.029290679517465806
    ]
}