{"dim": "y", "coef_center": [0.0021462047236238124, 0.0013404225054558516, 0.9986020587955606, 0.0036124660468521697], "coef_radius": [0.019315710962262374, -0.018779436124671922, -0.004851185482743561, 0.08416562030741259]}