{
    "dim": "y",
    "coef_center": [
        0.0014270911105933176,
        -0.00045149021273915846,
        0.999407751746225,
        0.006177985629385763
    ],
    "coef_radius": [
        0.07722396520340802,
        0.006617701446111068,
        -0.004227305219216104,
        0.08643937547557368
    ]
}