{
    "dim": "yaw",
    "coef_center": [
        -0.05313828393239361,
        -0.000375947976196995,
        -0.004423502679370058,
        -0.006451158019589849,
        1.0001465778812286
    ],
    "coef_radius": [
        0.23054271976736276,
        -0.014905792619683429,
        -0.02053603925838205,
        0.16956942579113035,
        -0.013509947333281914
    ]
}