{"dim": "x", "coef_center": [0.00046065387097882216, 1.008052390469377, 0.008861744243244152, -0.02324063468104498], "coef_radius": [0.020770273232768817, -0.02031184940558503, -0.010723854706504887, 0.0954783746674181]}