{"dim": "z", "coef_center": [-0.0015363050786261212, 0.004147269775494622, 0.004491822128770473, 0.984339045527165], "coef_radius": [0.030726174820705277, -0.041188279403997274, -0.037915572146493146, 0.17768110967610173]}